{"cameraMode":{"drawMode":0,"name":"Shaded","section":"Shading Mode"},"sceneLighting":true,"audioPlay":false,"sceneViewState":{"m_AlwaysRefresh":false,"showFog":true,"showSkybox":true,"showFlares":true,"showImageEffects":true,"showParticleSystems":true,"showVisualEffectGraphs":true,"m_FxEnabled":true},"in2DMode":false,"pivot":{"x":1014.4523315429688,"y":481.973388671875,"z":8.212364196777344},"rotation":{"x":0.006596312392503023,"y":0.01090347208082676,"z":0.00007468758849427104,"w":-1.0000025033950806},"size":898.01318359375,"orthographic":true}